<?xml version="1.0" encoding="UTF-8"?>
<beans xmlns="http://www.springframework.org/schema/beans"
	xmlns:xsi="http://www.w3.org/2001/XMLSchema-instance"
	xmlns:context="http://www.springframework.org/schema/context"
	xsi:schemaLocation="http://www.springframework.org/schema/beans http://www.springframework.org/schema/beans/spring-beans.xsd
		http://www.springframework.org/schema/context http://www.springframework.org/schema/context/spring-context-4.3.xsd">
 
  <bean id="address" class="com.cg.project.beans.Address">
 <constructor-arg name="city" value="Pune"/>
 <constructor-arg name="state" value ="Maharshtra"/>
 <constructor-arg name="country" value="India"/>
 <constructor-arg name="pincode" value="432112"/>
  </bean>
  <bean id="employee" class="com.cg.project.beans.Employee">
 <constructor-arg name="empId" value="101"/>
 <constructor-arg name="firstName" value ="Harsh"/>
 <constructor-arg name="lastName" value="Priya"/>
 <constructor-arg name="address" ref="address"/>
  </bean>
</beans>
